INSERT INTO m_user(user_id, password, user_name, birthday, age, gender, department_id, role) VALUES ('ikeda', '$2a$10$kZ3JzIP8taksNJ.4nNJheeOsObl2Q885PUQsFxzqz6N4TNLhg8awK', 'システム管理者', '1988-01-01', 21, 1, 1, 'ROLE_ADMIN');
INSERT INTO m_user(user_id, password, user_name, birthday, age, gender, department_id, role) VALUES ('00000001', '$2a$10$kZ3JzIP8taksNJ.4nNJheeOsObl2Q885PUQsFxzqz6N4TNLhg8awK', 'ユーザー1', '2000-01-01', 21, 2, 2, 'ROLE_GENERAL');
INSERT INTO m_user(user_id, password, user_name, birthday, age, gender, department_id, role) VALUES ('00000002', '$2a$10$kZ3JzIP8taksNJ.4nNJheeOsObl2Q885PUQsFxzqz6N4TNLhg8awK', 'ユーザー2', '2000-01-01', 21, 2, 2, 'ROLE_GENERAL');
INSERT INTO m_user(user_id, password, user_name, birthday, age, gender, department_id, role) VALUES ('00000003', '$2a$10$kZ3JzIP8taksNJ.4nNJheeOsObl2Q885PUQsFxzqz6N4TNLhg8awK', 'ユーザー3', '2000-01-01', 21, 2, 2, 'ROLE_GENERAL');
INSERT INTO m_user(user_id, password, user_name, birthday, age, gender, department_id, role) VALUES ('00000004', '$2a$10$kZ3JzIP8taksNJ.4nNJheeOsObl2Q885PUQsFxzqz6N4TNLhg8awK', 'ユーザー4', '2000-01-01', 21, 2, 2, 'ROLE_GENERAL');
INSERT INTO m_user(user_id, password, user_name, birthday, age, gender, department_id, role) VALUES ('00000005', '$2a$10$kZ3JzIP8taksNJ.4nNJheeOsObl2Q885PUQsFxzqz6N4TNLhg8awK', 'ユーザー5', '2000-01-01', 21, 2, 2, 'ROLE_GENERAL');
INSERT INTO m_user(user_id, password, user_name, birthday, age, gender, department_id, role) VALUES ('00000006', '$2a$10$kZ3JzIP8taksNJ.4nNJheeOsObl2Q885PUQsFxzqz6N4TNLhg8awK', 'ユーザー6', '2000-01-01', 21, 2, 2, 'ROLE_GENERAL');
INSERT INTO m_user(user_id, password, user_name, birthday, age, gender, department_id, role) VALUES ('00000007', '$2a$10$kZ3JzIP8taksNJ.4nNJheeOsObl2Q885PUQsFxzqz6N4TNLhg8awK', 'ユーザー7', '2000-01-01', 21, 2, 2, 'ROLE_GENERAL');
INSERT INTO m_user(user_id, password, user_name, birthday, age, gender, department_id, role) VALUES ('00000008', '$2a$10$kZ3JzIP8taksNJ.4nNJheeOsObl2Q885PUQsFxzqz6N4TNLhg8awK', 'ユーザー8', '2000-01-01', 21, 2, 2, 'ROLE_GENERAL');
INSERT INTO m_user(user_id, password, user_name, birthday, age, gender, department_id, role) VALUES ('00000009', '$2a$10$kZ3JzIP8taksNJ.4nNJheeOsObl2Q885PUQsFxzqz6N4TNLhg8awK', 'ユーザー9', '2000-01-01', 21, 2, 2, 'ROLE_GENERAL');
INSERT INTO m_user(user_id, password, user_name, birthday, age, gender, department_id, role) VALUES ('00000010', '$2a$10$kZ3JzIP8taksNJ.4nNJheeOsObl2Q885PUQsFxzqz6N4TNLhg8awK', 'ユーザー10', '2000-01-01', 21, 2, 2, 'ROLE_GENERAL');
INSERT INTO m_user(user_id, password, user_name, birthday, age, gender, department_id, role) VALUES ('00000011', '$2a$10$kZ3JzIP8taksNJ.4nNJheeOsObl2Q885PUQsFxzqz6N4TNLhg8awK', 'ユーザー11', '2000-01-01', 21, 2, 2, 'ROLE_GENERAL');
INSERT INTO m_user(user_id, password, user_name, birthday, age, gender, department_id, role) VALUES ('00000012', '$2a$10$kZ3JzIP8taksNJ.4nNJheeOsObl2Q885PUQsFxzqz6N4TNLhg8awK', 'ユーザー12', '2000-01-01', 21, 2, 2, 'ROLE_GENERAL');
INSERT INTO m_user(user_id, password, user_name, birthday, age, gender, department_id, role) VALUES ('00000013', '$2a$10$kZ3JzIP8taksNJ.4nNJheeOsObl2Q885PUQsFxzqz6N4TNLhg8awK', 'ユーザー13', '2000-01-01', 21, 2, 2, 'ROLE_GENERAL');
INSERT INTO m_user(user_id, password, user_name, birthday, age, gender, department_id, role) VALUES ('00000014', '$2a$10$kZ3JzIP8taksNJ.4nNJheeOsObl2Q885PUQsFxzqz6N4TNLhg8awK', 'ユーザー14', '2000-01-01', 21, 2, 2, 'ROLE_GENERAL');
INSERT INTO m_user(user_id, password, user_name, birthday, age, gender, department_id, role) VALUES ('00000015', '$2a$10$kZ3JzIP8taksNJ.4nNJheeOsObl2Q885PUQsFxzqz6N4TNLhg8awK', 'ユーザー15', '2000-01-01', 21, 2, 2, 'ROLE_GENERAL');
INSERT INTO m_user(user_id, password, user_name, birthday, age, gender, department_id, role) VALUES ('00000016', '$2a$10$kZ3JzIP8taksNJ.4nNJheeOsObl2Q885PUQsFxzqz6N4TNLhg8awK', 'ユーザー16', '2000-01-01', 21, 2, 2, 'ROLE_GENERAL');
INSERT INTO m_user(user_id, password, user_name, birthday, age, gender, department_id, role) VALUES ('00000017', '$2a$10$kZ3JzIP8taksNJ.4nNJheeOsObl2Q885PUQsFxzqz6N4TNLhg8awK', 'ユーザー17', '2000-01-01', 21, 2, 2, 'ROLE_GENERAL');
INSERT INTO m_user(user_id, password, user_name, birthday, age, gender, department_id, role) VALUES ('00000018', '$2a$10$kZ3JzIP8taksNJ.4nNJheeOsObl2Q885PUQsFxzqz6N4TNLhg8awK', 'ユーザー18', '2000-01-01', 21, 2, 2, 'ROLE_GENERAL');
INSERT INTO m_user(user_id, password, user_name, birthday, age, gender, department_id, role) VALUES ('00000019', '$2a$10$kZ3JzIP8taksNJ.4nNJheeOsObl2Q885PUQsFxzqz6N4TNLhg8awK', 'ユーザー19', '2000-01-01', 21, 2, 2, 'ROLE_GENERAL');
INSERT INTO m_user(user_id, password, user_name, birthday, age, gender, department_id, role) VALUES ('00000020', '$2a$10$kZ3JzIP8taksNJ.4nNJheeOsObl2Q885PUQsFxzqz6N4TNLhg8awK', 'ユーザー20', '2000-01-01', 21, 2, 2, 'ROLE_GENERAL');
INSERT INTO m_user(user_id, password, user_name, birthday, age, gender, department_id, role) VALUES ('00000021', '$2a$10$kZ3JzIP8taksNJ.4nNJheeOsObl2Q885PUQsFxzqz6N4TNLhg8awK', 'ユーザー21', '2000-01-01', 21, 2, 2, 'ROLE_GENERAL');

INSERT INTO m_department(department_id, department_name) values (1, 'システム管理部');
INSERT INTO m_department(department_id, department_name) values (2, '営業部管理部');

INSERT INTO t_salary(user_id, year_month, salary) values ('ikeda', '2020/11', 280000);
INSERT INTO t_salary(user_id, year_month, salary) values ('ikeda', '2020/12', 290000);
INSERT INTO t_salary(user_id, year_month, salary) values ('ikeda', '2021/01', 300000);